{"losses/l_real": -35.56975555419922, "_timestamp": 1685683641.3412402, "losses/l_real_replaced": -35.13899230957031, "losses/l_adv": -26.698955535888672, "losses/l_adv_replaced": -26.6340389251709, "_runtime": 10323.567501068115, "_step": 5800, "metrics/m_psnr_real": 32.492156982421875, "metrics/m_ssim_real": 0.8793408393859863, "metrics/m_psnr_seen_noise": 35.92271118164062, "metrics/m_ssim_seen_noise": 0.9172492980957031}