{"losses/l_real": -36.24109649658203, "_timestamp": 1685683651.817441, "losses/l_real_replaced": -36.35038375854492, "losses/l_adv": -27.293121337890625, "losses/l_adv_replaced": -27.217695236206055, "_runtime": 10510.359592914581, "_step": 5750, "metrics/m_psnr_real": 33.827362060546875, "metrics/m_ssim_real": 0.9023989677429199, "metrics/m_psnr_seen_noise": 34.987493896484374, "metrics/m_ssim_seen_noise": 0.9024486541748047}