{"losses/l_real": -13.751148223876953, "_timestamp": 1685683709.4920213, "losses/l_real_replaced": -13.478129386901855, "losses/l_adv": -44.1132698059082, "losses/l_adv_replaced": -37.866004943847656, "_runtime": 10932.727628231049, "_step": 6000, "metrics/m_psnr_real": 13.271757507324219, "metrics/m_ssim_real": 0.07365078926086426, "metrics/m_psnr_seen_noise": 13.3553466796875, "metrics/m_ssim_seen_noise": 0.09131506085395813}